clk,time,time2
1,8627,800
2,8127,800
3,8030,700
1,1000,900
2,540,800
3,206,800
1,1000,1000
2,459,900
3,291,800
1,1000,1100
2,540,900
3,299,800
1,999,1200
2,493,1000
3,352,900
1,1000,1300
2,506,1000
3,247,900
1,999,1400
2,459,1100
3,327,900
1,1000,1500
2,540,1100
3,371,1000
1,1000,1600
2,459,1200
3,200,1000
1,999,1700
2,540,1200
3,400,1000
1,1000,1800
2,459,1300
3,299,1100
1,999,1900
2,540,1300
3,300,1100
1,1000,2000
2,459,1400
3,400,1100
1,1000,2100
2,540,1400
3,298,1200
1,1000,2200
2,459,1500
3,300,1200
1,999,2300
2,540,1500
3,400,1200
1,1000,2400
2,459,1600
3,299,1300
1,1000,2500
2,541,1600
3,300,1300
1,1000,2600
2,458,1700
3,400,1300
1,999,2700
2,541,1700
3,298,1400
1,999,2800
2,458,1800
3,300,1400
1,1000,2900
2,541,1800
3,400,1400
1,999,3000
2,458,1900
3,298,1500
1,1000,3100
2,541,1900
3,300,1500
1,999,3200
2,458,2000
3,401,1500
1,1000,3300
2,541,2000
3,298,1600
1,999,3400
2,458,2100
3,300,1600
1,1000,3500
2,541,2100
3,401,1600
1,999,3600
2,458,2200
3,297,1700
1,1000,3700
2,541,2200
3,300,1700
1,1000,3800
2,458,2300
3,402,1700
1,999,3900
2,541,2300
3,297,1800
1,1000,4000
2,458,2400
3,300,1800
1,1000,4100
2,541,2400
3,402,1800
1,999,4200
2,458,2500
3,297,1900
1,999,4300
2,541,2500
3,300,1900
1,1000,4400
2,458,2600
3,402,1900
1,999,4500
2,541,2600
3,297,2000
1,1000,4600
2,458,2700
3,300,2000
1,1000,4700
2,541,2700
3,402,2000
1,999,4800
2,458,2800
3,297,2100
1,1000,4900
2,541,2800
3,300,2100
1,1000,5000
2,458,2900
3,402,2100
1,1000,5100
2,541,2900
3,297,2200
1,999,5200
2,458,3000
3,300,2200
1,1000,5300
2,541,3000
3,402,2200
1,999,5400
2,458,3100
3,297,2300
1,1000,5500
2,541,3100
3,300,2300
1,999,5600
2,458,3200
3,402,2300
1,1000,5700
2,541,3200
3,297,2400
1,1000,5800
2,458,3300
3,300,2400
1,999,5900
2,541,3300
3,402,2400
1,1000,6000
2,458,3400
3,297,2500
1,1000,6100
2,541,3400
3,300,2500
1,999,6200
2,458,3500
3,402,2500
1,1000,6300
2,541,3500
3,297,2600
1,999,6400
2,458,3600
3,300,2600
1,1000,6500
2,541,3600
3,402,2600
1,1000,6600
2,458,3700
3,297,2700
1,1000,6700
2,541,3700
3,300,2700
1,1000,6800
2,458,3800
3,402,2700
1,999,6900
2,541,3800
3,297,2800
1,1000,7000
2,458,3900
3,300,2800
1,999,7100
2,542,3900
3,402,2800
1,1000,7200
2,458,4000
3,297,2900
1,1000,7300
2,541,4000
3,300,2900
1,999,7400
2,458,4100
3,402,2900
1,1000,7500
2,541,4100
3,297,3000
1,999,7600
2,458,4200
3,300,3000
1,999,7700
2,541,4200
3,402,3000
1,1000,7800
2,458,4300
3,297,3100
1,999,7900
2,542,4300
3,300,3100
1,1000,8000
2,458,4400
3,402,3100
1,1000,8100
2,541,4400
3,297,3200
1,1000,8200
2,458,4500
3,300,3200
1,999,8300
2,542,4500
3,403,3200
1,1000,8400
2,458,4600
3,296,3300
1,1000,8500
2,542,4600
3,300,3300
1,999,8600
2,457,4700
3,403,3300
1,1000,8700
2,542,4700
3,296,3400
1,999,8800
2,457,4800
3,300,3400
1,1000,8900
2,541,4800
3,403,3400
1,999,9000
2,458,4900
3,296,3500
1,999,9100
2,541,4900
3,300,3500
1,1000,9200
2,458,5000
3,403,3500
1,1000,9300
2,541,5000
3,296,3600
1,1000,9400
2,458,5100
3,300,3600
1,1000,9500
2,542,5100
3,403,3600
1,999,9600
2,457,5200
3,296,3700
1,1000,9700
2,542,5200
3,300,3700
1,1000,9800
2,457,5300
3,403,3700
1,999,9900
2,542,5300
3,296,3800
1,1000,10000
2,457,5400
3,300,3800
1,1000,10100
2,542,5400
3,403,3800
1,999,10200
2,457,5500
3,296,3900
1,1000,10300
2,542,5500
3,300,3900
1,1000,10400
2,457,5600
3,403,3900
1,999,10500
2,542,5600
3,296,4000
1,1000,10600
2,457,5700
3,300,4000
1,1000,10700
2,542,5700
3,403,4000
1,1000,10800
2,457,5800
3,296,4100
1,1000,10900
2,542,5800
3,300,4100
1,1000,11000
2,457,5900
3,403,4100
1,999,11100
2,542,5900
3,296,4200
1,1000,11200
2,457,6000
3,300,4200
1,1000,11300
2,542,6000
3,403,4200
1,999,11400
2,457,6100
3,296,4300
1,1000,11500
2,542,6100
3,300,4300
1,1000,11600
2,457,6200
3,403,4300
1,999,11700
2,542,6200
3,296,4400
1,1000,11800
2,457,6300
3,300,4400
1,1000,11900
2,542,6300
3,403,4400
1,999,12000
2,457,6400
3,296,4500
1,1000,12100
2,542,6400
3,300,4500
1,999,12200
2,457,6500
3,403,4500
1,1000,12300
2,542,6500
3,296,4600
1,999,12400
2,457,6600
3,300,4600
1,1000,12500
2,542,6600
3,403,4600
1,999,12600
2,457,6700
3,296,4700
1,1000,12700
2,542,6700
3,300,4700
1,1000,12800
2,457,6800
3,403,4700
1,999,12900
2,542,6800
3,295,4800
1,1000,13000
2,457,6900
3,300,4800
1,999,13100
2,542,6900
3,403,4800
1,999,13200
2,457,7000
3,296,4900
1,1000,13300
2,542,7000
3,300,4900
1,1000,13400
2,457,7100
3,403,4900
1,999,13500
2,542,7100
3,296,5000
1,1000,13600
2,457,7200
3,300,5000
1,1000,13700
2,542,7200
3,403,5000
1,1000,13800
2,457,7300
3,296,5100
1,999,13900
2,542,7300
3,300,5100
1,999,14000
2,457,7400
3,403,5100
1,1000,14100
2,542,7400
3,295,5200
1,1000,14200
2,457,7500
3,300,5200
1,1000,14300
2,542,7500
3,403,5200
1,1000,14400
2,457,7600
3,296,5300
1,999,14500
2,542,7600
3,300,5300
1,1000,14600
2,457,7700
3,403,5300
1,1000,14700
2,542,7700
3,295,5400
1,1000,14800
2,457,7800
3,300,5400
1,999,14900
2,542,7800
3,403,5400
1,1000,15000
2,457,7900
3,295,5500
1,999,15100
2,542,7900
3,300,5500
1,1000,15200
2,457,8000
3,403,5500
1,1000,15300
2,542,8000
3,295,5600
1,1000,15400
2,457,8100
3,300,5600
1,1000,15500
2,542,8100
3,403,5600
1,1000,15600
2,457,8200
3,296,5700
1,1000,15700
2,542,8200
3,300,5700
1,1000,15800
2,457,8300
3,403,5700
1,999,15900
2,542,8300
3,295,5800
1,1000,16000
2,457,8400
3,300,5800
1,1000,16100
2,542,8400
3,403,5800
1,1000,16200
2,457,8500
3,295,5900
1,1000,16300
2,542,8500
3,300,5900
1,1000,16400
2,457,8600
3,403,5900
1,999,16500
2,542,8600
3,295,6000
1,999,16600
2,457,8700
3,300,6000
1,1000,16700
2,542,8700
3,403,6000
1,999,16800
2,457,8800
3,295,6100
1,1000,16900
2,542,8800
3,300,6100
1,1000,17000
2,457,8900
3,403,6100
1,999,17100
2,542,8900
3,295,6200
1,999,17200
2,457,9000
3,300,6200
1,1000,17300
2,542,9000
3,403,6200
1,999,17400
2,457,9100
3,295,6300
1,1000,17500
2,542,9100
3,300,6300
1,1000,17600
2,457,9200
3,405,6300
1,999,17700
2,542,9200
3,294,6400
1,1000,17800
2,457,9300
3,300,6400
1,1000,17900
2,542,9300
3,406,6400
1,1000,18000
2,457,9400
3,292,6500
1,999,18100
2,542,9400
3,300,6500
1,1000,18200
2,457,9500
3,407,6500
1,1000,18300
2,542,9500
3,292,6600
1,1000,18400
2,457,9600
3,300,6600
1,1000,18500
2,542,9600
3,407,6600
1,999,18600
2,457,9700
3,292,6700
1,1000,18700
2,542,9700
3,300,6700
1,999,18800
2,457,9800
3,407,6700
1,1000,18900
2,542,9800
3,292,6800
1,1000,19000
2,457,9900
3,300,6800
1,999,19100
2,542,9900
3,407,6800
1,1000,19200
2,457,10000
3,292,6900
1,1000,19300
2,542,10000
3,300,6900
1,999,19400
2,457,10100
3,407,6900
1,1000,19500
2,542,10100
3,292,7000
1,1000,19600
2,457,10200
3,300,7000
1,1000,19700
2,542,10200
3,407,7000
1,999,19800
2,457,10300
3,292,7100
1,999,19900
2,542,10300
3,300,7100
1,1000,20000
2,457,10400
3,407,7100
1,999,20100
2,542,10400
3,292,7200
1,1000,20200
2,457,10500
3,300,7200
1,1000,20300
2,542,10500
3,407,7200
1,1000,20400
2,457,10600
3,292,7300
1,999,20500
2,542,10600
3,300,7300
1,999,20600
2,457,10700
3,407,7300
1,1000,20700
2,542,10700
3,292,7400
1,999,20800
2,457,10800
3,300,7400
1,1000,20900
2,542,10800
3,407,7400
1,1000,21000
2,457,10900
3,292,7500
1,999,21100
2,542,10900
3,300,7500
1,1000,21200
2,457,11000
3,407,7500
1,1000,21300
2,542,11000
3,292,7600
1,999,21400
2,457,11100
3,300,7600
1,1000,21500
2,542,11100
3,407,7600
1,999,21600
2,457,11200
3,292,7700
1,999,21700
2,542,11200
3,300,7700
1,1000,21800
2,457,11300
3,407,7700
1,1000,21900
2,542,11300
3,292,7800
1,1000,22000
2,457,11400
3,300,7800
1,1000,22100
2,542,11400
3,407,7800
1,999,22200
2,457,11500
3,292,7900
1,1000,22300
2,542,11500
3,300,7900
1,1000,22400
2,457,11600
3,407,7900
1,1000,22500
2,542,11600
3,292,8000
1,999,22600
2,457,11700
3,300,8000
1,1000,22700
2,542,11700
3,407,8000
1,1000,22800
2,457,11800
3,292,8100
1,999,22900
2,542,11800
3,300,8100
1,1000,23000
2,457,11900
3,407,8100
1,1000,23100
2,542,11900
3,292,8200
1,1000,23200
2,457,12000
3,300,8200
1,999,23300
2,542,12000
3,407,8200
1,999,23400
2,457,12100
3,292,8300
1,1000,23500
2,542,12100
3,300,8300
1,1000,23600
2,457,12200
3,407,8300
1,999,23700
2,542,12200
3,292,8400
1,1000,23800
2,457,12300
3,300,8400
1,1000,23900
2,542,12300
3,407,8400
1,999,24000
2,457,12400
3,292,8500
1,1000,24100
2,542,12400
3,300,8500
1,999,24200
2,457,12500
3,407,8500
1,1000,24300
2,542,12500
3,292,8600
1,999,24400
2,457,12600
3,300,8600
1,1000,24500
2,542,12600
3,407,8600
1,1000,24600
2,457,12700
3,292,8700
1,999,24700
2,542,12700
3,300,8700
1,1000,24800
2,457,12800
3,407,8700
1,999,24900
2,543,12800
3,292,8800
1,1000,25000
2,456,12900
3,300,8800
1,1000,25100
2,543,12900
3,407,8800
1,1000,25200
2,456,13000
3,292,8900
1,999,25300
2,543,13000
3,300,8900
1,1000,25400
2,456,13100
3,407,8900
1,1000,25500
2,543,13100
3,292,9000
1,1000,25600
2,456,13200
3,300,9000
1,999,25700
2,543,13200
3,407,9000
1,1000,25800
2,456,13300
3,292,9100
1,1000,25900
2,543,13300
3,300,9100
1,1000,26000
2,456,13400
3,407,9100
1,1000,26100
2,543,13400
3,292,9200
1,999,26200
2,456,13500
3,300,9200
1,1000,26300
2,543,13500
3,407,9200
1,1000,26400
2,456,13600
3,292,9300
1,1000,26500
2,543,13600
3,300,9300
1,999,26600
2,456,13700
3,407,9300
1,1000,26700
2,543,13700
3,292,9400
1,999,26800
2,456,13800
3,300,9400
1,1000,26900
2,543,13800
3,407,9400
1,1000,27000
2,456,13900
3,292,9500
1,1000,27100
2,543,13900
3,300,9500
1,999,27200
2,456,14000
3,407,9500
1,999,27300
2,543,14000
3,292,9600
1,1000,27400
2,456,14100
3,300,9600
1,1000,27500
2,543,14100
3,407,9600
1,1000,27600
2,456,14200
3,292,9700
1,999,27700
2,543,14200
3,300,9700
1,1000,27800
2,456,14300
3,407,9700
1,999,27900
2,543,14300
3,292,9800
1,1000,28000
2,456,14400
3,300,9800
1,999,28100
2,543,14400
3,407,9800
1,999,28200
2,456,14500
3,292,9900
1,1000,28300
2,543,14500
3,300,9900
1,999,28400
2,456,14600
3,407,9900
1,1000,28500
2,543,14600
3,292,10000
1,1000,28600
2,456,14700
3,300,10000
1,999,28700
2,543,14700
3,407,10000
1,999,28800
2,456,14800
3,292,10100
1,1000,28900
2,543,14800
3,300,10100
1,1000,29000
2,456,14900
3,407,10100
1,999,29100
2,543,14900
3,292,10200
1,1000,29200
2,456,15000
3,300,10200
1,999,29300
2,543,15000
3,407,10200
1,1000,29400
2,456,15100
3,292,10300
1,999,29500
2,543,15100
3,300,10300
1,1000,29600
2,456,15200
3,407,10300
1,999,29700
2,543,15200
3,292,10400
1,1000,29800
2,456,15300
3,300,10400
1,999,29900
2,543,15300
3,407,10400
1,1000,30000
2,456,15400
3,292,10500
1,1000,30100
2,543,15400
3,300,10500
1,1000,30200
2,456,15500
3,407,10500
1,999,30300
2,543,15500
3,292,10600
1,1000,30400
2,456,15600
3,300,10600
1,1000,30500
2,543,15600
3,407,10600
1,1000,30600
2,456,15700
3,292,10700
1,1000,30700
2,543,15700
3,300,10700
1,1000,30800
2,456,15800
3,407,10700
1,999,30900
2,543,15800
3,292,10800
1,1000,31000
2,456,15900
3,300,10800
1,999,31100
2,543,15900
3,407,10800
1,1000,31200
2,456,16000
3,292,10900
1,999,31300
2,543,16000
3,300,10900
1,1000,31400
2,456,16100
3,407,10900
1,1000,31500
2,543,16100
3,292,11000
1,1000,31600
2,456,16200
3,300,11000
1,1000,31700
2,543,16200
3,407,11000
1,999,31800
2,456,16300
3,292,11100
1,1000,31900
2,543,16300
3,300,11100
1,999,32000
2,456,16400
3,407,11100
1,1000,32100
2,543,16400
3,291,11200
1,1000,32200
2,456,16500
3,300,11200
1,999,32300
2,543,16500
3,407,11200
1,1000,32400
2,456,16600
3,292,11300
1,1000,32500
2,543,16600
3,300,11300
1,999,32600
2,456,16700
3,407,11300
1,1000,32700
2,543,16700
3,292,11400
1,1000,32800
2,456,16800
3,300,11400
1,1000,32900
2,543,16800
3,407,11400
1,1000,33000
2,456,16900
3,292,11500
1,1000,33100
2,543,16900
3,300,11500
1,999,33200
2,456,17000
3,407,11500
1,1000,33300
2,543,17000
3,292,11600
1,1000,33400
2,456,17100
3,300,11600
1,999,33500
2,543,17100
3,407,11600
1,999,33600
2,456,17200
3,292,11700
1,1000,33700
2,543,17200
3,300,11700
1,999,33800
2,456,17300
3,407,11700
1,999,33900
2,543,17300
3,292,11800
1,1000,34000
2,456,17400
3,300,11800
1,999,34100
2,543,17400
3,407,11800
1,1000,34200
2,456,17500
3,292,11900
1,1000,34300
2,543,17500
3,300,11900
1,999,34400
2,456,17600
3,407,11900
1,1000,34500
2,543,17600
3,291,12000
1,1000,34600
2,456,17700
3,300,12000
1,999,34700
2,543,17700
3,407,12000
1,1000,34800
2,456,17800
3,292,12100
1,1000,34900
2,543,17800
3,300,12100
1,1000,35000
2,456,17900
3,407,12100
1,1000,35100
2,543,17900
3,292,12200
1,999,35200
2,456,18000
3,300,12200
1,1000,35300
2,543,18000
3,407,12200
1,999,35400
2,456,18100
3,292,12300
1,999,35500
2,543,18100
3,300,12300
1,1000,35600
2,456,18200
3,407,12300
1,1000,35700
2,543,18200
3,291,12400
1,1000,35800
2,456,18300
3,300,12400
1,999,35900
2,543,18300
3,407,12400
1,1000,36000
2,456,18400
3,292,12500
1,1000,36100
2,543,18400
3,300,12500
1,1000,36200
2,456,18500
3,407,12500
1,999,36300
2,543,18500
3,291,12600
1,1000,36400
2,456,18600
3,300,12600
1,1000,36500
2,543,18600
3,407,12600
1,999,36600
2,456,18700
3,292,12700
1,999,36700
2,543,18700
3,300,12700
1,1000,36800
2,456,18800
3,407,12700
1,999,36900
2,543,18800
3,291,12800
1,1000,37000
2,456,18900
3,300,12800
1,1000,37100
2,543,18900
3,408,12800
1,999,37200
2,456,19000
3,291,12900
1,1000,37300
2,543,19000
3,300,12900
1,999,37400
2,456,19100
3,408,12900
1,1000,37500
2,543,19100
3,291,13000
1,1000,37600
2,456,19200
3,300,13000
1,1000,37700
2,543,19200
3,408,13000
1,1000,37800
2,456,19300
3,291,13100
1,1000,37900
2,543,19300
3,300,13100
1,999,38000
2,456,19400
3,408,13100
1,1000,38100
2,543,19400
3,291,13200
1,999,38200
2,456,19500
3,300,13200
1,1000,38300
2,543,19500
3,408,13200
1,999,38400
2,456,19600
3,291,13300
1,1000,38500
2,543,19600
3,300,13300
1,1000,38600
2,456,19700
3,408,13300
1,999,38700
2,543,19700
3,291,13400
1,1000,38800
2,456,19800
3,300,13400
1,1000,38900
2,543,19800
3,408,13400
1,1000,39000
2,456,19900
3,291,13500
1,1000,39100
2,543,19900
3,300,13500
1,999,39200
2,456,20000
3,408,13500
1,1000,39300
2,543,20000
3,291,13600
1,999,39400
2,456,20100
3,300,13600
1,999,39500
2,543,20100
3,408,13600
1,1000,39600
2,456,20200
3,291,13700
1,1000,39700
2,543,20200
3,300,13700
1,999,39800
2,456,20300
3,408,13700
1,1000,39900
2,543,20300
3,291,13800
1,1000,40000
2,456,20400
3,300,13800
1,1000,40100
2,543,20400
3,408,13800
1,1000,40200
2,456,20500
3,291,13900
1,999,40300
2,543,20500
3,300,13900
1,1000,40400
2,456,20600
3,408,13900
1,1000,40500
2,543,20600
3,291,14000
1,999,40600
2,456,20700
3,300,14000
1,1000,40700
2,543,20700
3,408,14000
1,999,40800
2,456,20800
3,291,14100
1,1000,40900
2,543,20800
3,300,14100
1,999,41000
2,456,20900
3,408,14100
1,1000,41100
2,543,20900
3,291,14200
1,1000,41200
2,456,21000
3,300,14200
1,999,41300
2,543,21000
3,408,14200
1,1000,41400
2,456,21100
3,291,14300
1,999,41500
2,543,21100
3,300,14300
1,1000,41600
2,456,21200
3,408,14300
1,999,41700
2,543,21200
3,290,14400
1,1000,41800
2,456,21300
3,300,14400
1,1000,41900
2,543,21300
3,408,14400
1,999,42000
2,456,21400
3,291,14500
1,1000,42100
2,543,21400
3,300,14500
1,999,42200
2,456,21500
3,408,14500
1,1000,42300
2,543,21500
3,291,14600
1,999,42400
2,456,21600
3,300,14600
1,1000,42500
2,543,21600
3,408,14600
1,1000,42600
2,456,21700
3,291,14700
1,999,42700
2,543,21700
3,300,14700
1,1000,42800
2,456,21800
3,408,14700
1,1000,42900
2,543,21800
3,290,14800
1,999,43000
2,456,21900
3,300,14800
1,1000,43100
2,543,21900
3,408,14800
1,999,43200
2,456,22000
3,291,14900
1,1000,43300
2,543,22000
3,300,14900
1,1000,43400
2,456,22100
3,408,14900
1,999,43500
2,543,22100
3,291,15000
1,999,43600
2,456,22200
3,300,15000
1,1000,43700
2,543,22200
3,408,15000
1,1000,43800
2,456,22300
3,291,15100
1,999,43900
2,543,22300
3,300,15100
1,1000,44000
2,456,22400
3,408,15100
1,999,44100
2,543,22400
3,290,15200
1,1000,44200
2,456,22500
3,300,15200
1,1000,44300
2,543,22500
3,408,15200
1,999,44400
2,456,22600
3,291,15300
1,1000,44500
2,543,22600
3,300,15300
1,999,44600
2,456,22700
3,408,15300
1,1000,44700
2,543,22700
3,291,15400
1,1000,44800
2,456,22800
3,300,15400
1,999,44900
2,543,22800
3,408,15400
1,999,45000
2,456,22900
3,291,15500
1,1000,45100
2,543,22900
3,300,15500
1,1000,45200
2,456,23000
3,408,15500
1,999,45300
2,543,23000
3,290,15600
1,1000,45400
2,456,23100
3,300,15600
1,1000,45500
2,543,23100
3,408,15600
1,1000,45600
2,456,23200
3,291,15700
1,999,45700
2,543,23200
3,300,15700
1,1000,45800
2,456,23300
3,408,15700
1,1000,45900
2,543,23300
3,290,15800
1,1000,46000
2,456,23400
3,300,15800
1,999,46100
2,543,23400
3,408,15800
1,1000,46200
2,456,23500
3,290,15900
1,1000,46300
2,543,23500
3,300,15900
1,1000,46400
2,456,23600
3,408,15900
1,999,46500
2,543,23600
3,290,16000
1,999,46600
2,456,23700
3,300,16000
1,1000,46700
2,543,23700
3,408,16000
1,999,46800
2,456,23800
3,291,16100
1,1000,46900
2,543,23800
3,300,16100
1,1000,47000
2,456,23900
3,408,16100
1,1000,47100
2,543,23900
3,291,16200
1,999,47200
2,456,24000
3,300,16200
1,1000,47300
2,543,24000
3,408,16200
1,1000,47400
2,456,24100
3,291,16300
1,999,47500
2,543,24100
3,300,16300
1,1000,47600
2,456,24200
3,408,16300
1,999,47700
2,543,24200
3,290,16400
1,1000,47800
2,456,24300
3,300,16400
1,1000,47900
2,543,24300
3,408,16400
1,999,48000
2,456,24400
3,291,16500
1,1000,48100
2,543,24400
3,300,16500
1,999,48200
2,456,24500
3,408,16500
1,1000,48300
2,543,24500
3,290,16600
1,1000,48400
2,456,24600
3,300,16600
1,1000,48500
2,543,24600
3,408,16600
1,999,48600
2,456,24700
3,291,16700
1,1000,48700
2,543,24700
3,300,16700
1,1000,48800
2,456,24800
3,408,16700
1,1000,48900
2,543,24800
3,290,16800
1,999,49000
2,456,24900
3,300,16800
1,1000,49100
2,543,24900
3,408,16800
1,1000,49200
2,456,25000
3,291,16900
1,999,49300
2,543,25000
3,300,16900
1,1000,49400
2,456,25100
3,408,16900
1,999,49500
2,543,25100
3,290,17000
1,1000,49600
2,456,25200
3,300,17000
1,1000,49700
2,543,25200
3,408,17000
1,999,49800
2,456,25300
3,291,17100
1,1000,49900
2,543,25300
3,300,17100
1,999,50000
2,456,25400
3,408,17100
1,1000,50100
2,543,25400
3,290,17200
1,1000,50200
2,456,25500
3,300,17200
1,999,50300
2,543,25500
3,408,17200
1,1000,50400
2,456,25600
3,291,17300
1,999,50500
2,543,25600
3,300,17300
1,1000,50600
2,456,25700
3,408,17300
1,999,50700
2,543,25700
3,290,17400
1,1008,50800
2,456,25800
3,300,17400
1,1000,50900
2,543,25800
3,408,17400
1,1000,51000
2,456,25900
3,290,17500
1,1000,51100
2,543,25900
3,300,17500
1,999,51200
2,456,26000
3,408,17500
1,999,51300
2,543,26000
3,290,17600
1,1000,51400
2,456,26100
3,300,17600
1,999,51500
2,543,26100
3,408,17600
1,999,51600
2,456,26200
3,291,17700
1,1000,51700
2,543,26200
3,300,17700
1,1000,51800
2,456,26300
3,408,17700
1,999,51900
2,544,26300
3,291,17800
1,1000,52000
2,455,26400
3,300,17800
1,1000,52100
2,543,26400
3,408,17800
1,999,52200
2,456,26500
3,291,17900
1,1000,52300
2,544,26500
3,300,17900
1,1000,52400
2,456,26600
3,408,17900
1,1000,52500
2,543,26600
3,290,18000
1,999,52600
2,456,26700
3,300,18000
1,1000,52700
2,544,26700
3,408,18000
1,999,52800
2,455,26800
3,290,18100
1,999,52900
2,543,26800
3,300,18100
1,1000,53000
2,456,26900
3,408,18100
1,999,53100
2,544,26900
3,290,18200
1,1000,53200
2,455,27000
3,300,18200
1,1000,53300
2,544,27000
3,408,18200
1,1000,53400
2,455,27100
3,290,18300
1,1000,53500
2,544,27100
3,300,18300
1,1000,53600
2,455,27200
3,408,18300
1,1000,53700
2,543,27200
3,290,18400
1,1000,53800
2,456,27300
3,300,18400
1,999,53900
2,543,27300
3,408,18400
1,999,54000
2,456,27400
3,291,18500
1,1000,54100
2,543,27400
3,300,18500
1,999,54200
2,456,27500
3,408,18500
1,999,54300
2,544,27500
3,290,18600
1,1000,54400
2,455,27600
3,300,18600
1,999,54500
2,544,27600
3,408,18600
1,1000,54600
2,456,27700
3,290,18700
1,1000,54700
2,544,27700
3,300,18700
1,999,54800
2,456,27800
3,409,18700
1,999,54900
2,544,27800
3,290,18800
1,1000,55000
2,455,27900
3,300,18800
1,999,55100
2,544,27900
3,408,18800
1,999,55200
2,455,28000
3,290,18900
1,1000,55300
2,544,28000
3,300,18900
1,999,55400
2,456,28100
3,408,18900
1,1000,55500
2,543,28100
3,290,19000
1,999,55600
2,455,28200
3,300,19000
1,999,55700
2,544,28200
3,409,19000
1,1000,55800
2,456,28300
3,290,19100
1,999,55900
2,544,28300
3,300,19100
1,1000,56000
2,455,28400
3,409,19100
1,1000,56100
2,544,28400
3,290,19200
1,1000,56200
2,455,28500
3,300,19200
1,999,56300
2,544,28500
3,408,19200
1,1000,56400
2,455,28600
3,291,19300
1,1000,56500
2,544,28600
3,300,19300
1,999,56600
2,455,28700
3,408,19300
1,1000,56700
2,544,28700
3,291,19400
1,1000,56800
2,455,28800
3,300,19400
1,1000,56900
2,543,28800
3,408,19400
1,999,57000
2,456,28900
3,291,19500
1,1000,57100
2,543,28900
3,300,19500
1,999,57200
2,456,29000
3,408,19500
1,1000,57300
2,543,29000
3,291,19600
1,999,57400
2,455,29100
3,300,19600
1,1000,57500
2,544,29100
3,408,19600
1,999,57600
2,456,29200
3,291,19700
1,1000,57700
2,543,29200
3,300,19700
1,999,57800
2,456,29300
3,408,19700
1,1000,57900
2,544,29300
3,291,19800
1,1000,58000
2,455,29400
3,300,19800
1,999,58100
2,544,29400
3,408,19800
1,1000,58200
2,456,29500
3,291,19900
1,1000,58300
2,544,29500
3,300,19900
1,1000,58400
2,455,29600
3,408,19900
1,999,58500
2,543,29600
3,290,20000
1,1000,58600
2,456,29700
3,300,20000
1,1000,58700
2,543,29700
3,408,20000
1,999,58800
2,456,29800
3,291,20100
1,1000,58900
2,544,29800
3,300,20100
1,1000,59000
2,455,29900
3,408,20100
1,1000,59100
2,544,29900
3,290,20200
1,999,59200
2,455,30000
3,300,20200
1,1000,59300
2,544,30000
3,408,20200
1,1000,59400
2,455,30100
3,291,20300
1,999,59500
2,544,30100
3,300,20300
1,1000,59600
2,455,30200
3,408,20300
1,999,59700
2,544,30200
3,290,20400
1,1000,59800
2,455,30300
3,300,20400
1,1000,59900
2,544,30300
3,408,20400
1,999,60000
2,455,30400
3,290,20500
1,999,60100
2,543,30400
3,300,20500
1,1000,60200
2,456,30500
3,408,20500
1,999,60300
2,544,30500
3,290,20600
1,1000,60400
2,455,30600
3,300,20600
1,1000,60500
2,544,30600
3,408,20600
1,1000,60600
2,455,30700
3,290,20700
1,1000,60700
2,544,30700
3,300,20700
1,1000,60800
2,455,30800
3,409,20700
1,999,60900
2,544,30800
3,290,20800
1,1000,61000
2,455,30900
3,300,20800
1,999,61100
2,544,30900
3,408,20800
1,1000,61200
2,455,31000
3,291,20900
1,999,61300
2,544,31000
3,300,20900
1,1000,61400
2,455,31100
3,408,20900
1,999,61500
2,544,31100
3,290,21000
1,1000,61600
2,455,31200
3,300,21000
1,1000,61700
2,544,31200
3,408,21000
1,1000,61800
2,455,31300
3,290,21100
1,1000,61900
2,544,31300
3,300,21100
1,1000,62000
2,455,31400
3,408,21100
1,1000,62100
2,544,31400
3,290,21200
1,1000,62200
2,455,31500
3,300,21200
1,1000,62300
2,544,31500
3,408,21200
1,999,62400
2,455,31600
3,290,21300
1,1000,62500
2,544,31600
3,300,21300
1,999,62600
2,455,31700
3,409,21300
1,1000,62700
2,544,31700
3,290,21400
1,1000,62800
2,455,31800
3,300,21400
1,1000,62900
2,544,31800
3,408,21400
1,1000,63000
2,455,31900
3,290,21500
1,1000,63100
2,544,31900
3,300,21500
1,1000,63200
2,455,32000
3,409,21500
1,1000,63300
2,543,32000
3,290,21600
1,1000,63400
2,456,32100
3,300,21600
1,999,63500
2,543,32100
3,408,21600
1,1000,63600
2,456,32200
3,290,21700
1,1000,63700
2,543,32200
3,300,21700
1,999,63800
2,456,32300
3,408,21700
1,1000,63900
2,543,32300
3,290,21800
1,999,64000
2,456,32400
3,300,21800
1,1000,64100
2,543,32400
3,408,21800
1,999,64200
2,456,32500
3,290,21900
1,1000,64300
2,544,32500
3,300,21900
1,1000,64400
2,455,32600
3,409,21900
1,1000,64500
2,544,32600
3,290,22000
1,999,64600
2,455,32700
3,300,22000
1,1000,64700
2,544,32700
3,408,22000
1,999,64800
2,455,32800
3,290,22100
1,1000,64900
2,543,32800
3,300,22100
1,1000,65000
2,456,32900
3,409,22100
1,999,65100
2,544,32900
3,290,22200
1,999,65200
2,455,33000
3,300,22200
1,999,65300
2,544,33000
3,409,22200
1,1000,65400
2,455,33100
3,290,22300
1,1000,65500
2,544,33100
3,300,22300
1,999,65600
2,455,33200
3,409,22300
1,1000,65700
2,544,33200
3,290,22400
1,1000,65800
2,455,33300
3,300,22400
1,999,65900
2,544,33300
3,408,22400
1,1000,66000
2,455,33400
3,290,22500
1,999,66100
2,544,33400
3,300,22500
1,1000,66200
2,455,33500
3,408,22500
1,1000,66300
2,544,33500
3,290,22600
1,999,66400
2,455,33600
3,300,22600
1,1000,66500
2,543,33600
3,408,22600
1,1000,66600
2,456,33700
3,290,22700
1,1000,66700
2,544,33700
3,300,22700
1,1000,66800
2,455,33800
3,408,22700
1,1000,66900
2,544,33800
3,290,22800
1,999,67000
2,455,33900
3,300,22800
1,1000,67100
2,544,33900
3,408,22800
1,999,67200
2,455,34000
3,290,22900
1,1000,67300
2,543,34000
3,300,22900
1,1000,67400
2,455,34100
3,408,22900
1,999,67500
2,555,34100
3,290,23000
1,999,67600
2,444,34200
3,300,23000
1,1000,67700
2,556,34200
3,408,23000
1,1000,67800
2,443,34300
3,290,23100
1,1000,67900
2,556,34300
3,300,23100
1,1000,68000
2,443,34400
3,409,23100
1,999,68100
2,555,34400
3,290,23200
1,1000,68200
2,444,34500
3,300,23200
1,1000,68300
2,556,34500
3,408,23200
1,1000,68400
2,443,34600
3,290,23300
1,1000,68500
2,556,34600
3,300,23300
1,999,68600
2,443,34700
3,408,23300
1,1000,68700
2,556,34700
3,290,23400
1,999,68800
2,443,34800
3,300,23400
1,1000,68900
2,555,34800
3,408,23400
1,1000,69000
2,444,34900
3,290,23500
1,999,69100
2,556,34900
3,300,23500
1,1000,69200
2,443,35000
3,409,23500
1,999,69300
2,556,35000
3,290,23600
1,1000,69400
2,443,35100
3,300,23600
1,1000,69500
2,556,35100
3,408,23600
1,1000,69600
2,443,35200
3,290,23700
1,999,69700
2,555,35200
3,300,23700
1,1000,69800
2,444,35300
3,409,23700
1,1000,69900
2,555,35300
3,290,23800
1,1000,70000
2,444,35400
3,300,23800
1,999,70100
2,555,35400
3,409,23800
1,999,70200
2,444,35500
3,290,23900
1,1000,70300
2,556,35500
3,300,23900
1,1000,70400
2,443,35600
3,409,23900
1,1000,70500
2,555,35600
3,290,24000
1,1000,70600
2,444,35700
3,300,24000
1,999,70700
2,555,35700
3,408,24000
1,1000,70800
2,444,35800
3,290,24100
1,999,70900
2,556,35800
3,300,24100
1,1000,71000
2,443,35900
3,409,24100
1,1000,71100
2,556,35900
3,290,24200
1,1000,71200
2,443,36000
3,300,24200
1,1000,71300
2,555,36000
3,408,24200
1,999,71400
2,444,36100
3,290,24300
1,999,71500
2,556,36100
3,300,24300
1,999,71600
2,443,36200
3,409,24300
1,1000,71700
2,556,36200
3,290,24400
1,1000,71800
2,443,36300
3,300,24400
1,1000,71900
2,556,36300
3,408,24400
1,1000,72000
2,443,36400
3,290,24500
1,999,72100
2,556,36400
3,300,24500
1,999,72200
2,443,36500
3,409,24500
1,1000,72300
2,556,36500
3,290,24600
1,999,72400
2,443,36600
3,300,24600
1,1000,72500
2,556,36600
3,409,24600
1,999,72600
2,443,36700
3,290,24700
1,1000,72700
2,556,36700
3,300,24700
1,999,72800
2,443,36800
3,409,24700
1,1000,72900
2,555,36800
3,290,24800
1,1000,73000
2,444,36900
3,300,24800
1,999,73100
2,556,36900
3,408,24800
1,1000,73200
2,444,37000
3,290,24900
1,1000,73300
2,555,37000
3,300,24900
1,999,73400
2,444,37100
3,409,24900
1,1000,73500
2,556,37100
3,290,25000
1,1000,73600
2,443,37200
3,300,25000
1,999,73700
2,555,37200
3,409,25000
1,1000,73800
2,444,37300
3,290,25100
1,1000,73900
2,556,37300
3,300,25100
1,999,74000
2,443,37400
3,409,25100
1,1000,74100
2,556,37400
3,290,25200
1,1000,74200
2,443,37500
3,300,25200
1,1000,74300
2,556,37500
3,409,25200
1,1000,74400
2,443,37600
3,290,25300
1,999,74500
2,556,37600
3,300,25300
1,1000,74600
2,443,37700
3,409,25300
1,1000,74700
2,556,37700
3,290,25400
1,999,74800
2,443,37800
3,300,25400
1,999,74900
2,556,37800
3,409,25400
1,1000,75000
2,443,37900
3,290,25500
1,1000,75100
2,556,37900
3,300,25500
1,1000,75200
2,443,38000
3,409,25500
1,1000,75300
2,556,38000
3,290,25600
1,999,75400
2,443,38100
3,300,25600
1,1000,75500
2,556,38100
3,409,25600
1,1000,75600
2,443,38200
3,290,25700
1,1000,75700
2,556,38200
3,300,25700
1,1000,75800
2,443,38300
3,409,25700
1,999,75900
2,556,38300
3,289,25800
1,1000,76000
2,443,38400
3,300,25800
1,999,76100
2,555,38400
3,409,25800
1,1000,76200
2,444,38500
3,289,25900
1,1000,76300
2,555,38500
3,300,25900
1,999,76400
2,444,38600
3,409,25900
1,1000,76500
2,555,38600
3,289,26000
1,999,76600
2,444,38700
3,300,26000
1,1000,76700
2,555,38700
3,409,26000
1,999,76800
2,444,38800
3,289,26100
1,1000,76900
2,555,38800
3,300,26100
1,1000,77000
2,444,38900
3,409,26100
1,1000,77100
2,556,38900
3,289,26200
1,999,77200
2,444,39000
3,300,26200
1,1000,77300
2,555,39000
3,409,26200
1,1000,77400
2,444,39100
3,289,26300
1,1000,77500
2,556,39100
3,300,26300
1,999,77600
2,443,39200
3,409,26300
1,1000,77700
2,555,39200
3,289,26400
1,1000,77800
2,444,39300
3,300,26400
1,1000,77900
2,556,39300
3,409,26400
1,1000,78000
2,443,39400
3,289,26500
1,999,78100
2,556,39400
3,300,26500
1,1000,78200
2,444,39500
3,409,26500
1,1000,78300
2,555,39500
3,289,26600
1,999,78400
2,444,39600
3,300,26600
1,1000,78500
2,555,39600
3,409,26600
1,999,78600
2,444,39700
3,289,26700
1,1000,78700
2,556,39700
3,300,26700
1,1000,78800
2,443,39800
3,409,26700
1,999,78900
2,556,39800
3,289,26800
1,1000,79000
2,444,39900
3,300,26800
1,999,79100
2,556,39900
3,409,26800
1,1000,79200
2,443,40000
3,289,26900
1,1000,79300
2,555,40000
3,300,26900
1,1000,79400
2,444,40100
3,409,26900
1,1000,79500
2,555,40100
3,289,27000
1,1000,79600
2,444,40200
3,300,27000
1,999,79700
2,555,40200
3,409,27000
1,1000,79800
2,444,40300
3,289,27100
1,1000,79900
2,555,40300
3,300,27100
1,999,80000
2,444,40400
3,409,27100
1,1000,80100
2,555,40400
3,289,27200
1,999,80200
2,444,40500
3,300,27200
1,1000,80300
2,556,40500
3,409,27200
1,999,80400
2,443,40600
3,289,27300
1,1000,80500
2,555,40600
3,300,27300
1,1000,80600
2,444,40700
3,409,27300
1,999,80700
2,556,40700
3,289,27400
1,1000,80800
2,443,40800
3,300,27400
1,1000,80900
2,555,40800
3,409,27400
1,1000,81000
2,444,40900
3,289,27500
1,1000,81100
2,556,40900
3,300,27500
1,1000,81200
2,443,41000
3,409,27500
1,1000,81300
2,556,41000
3,289,27600
1,1000,81400
2,443,41100
3,300,27600
1,999,81500
2,556,41100
3,409,27600
1,1000,81600
2,443,41200
3,289,27700
1,999,81700
2,556,41200
3,300,27700
1,1000,81800
2,443,41300
3,409,27700
1,1000,81900
2,556,41300
3,289,27800
1,999,82000
2,443,41400
3,300,27800
1,999,82100
2,556,41400
3,410,27800
1,1000,82200
2,443,41500
3,289,27900
1,999,82300
2,556,41500
3,300,27900
1,1000,82400
2,443,41600
3,410,27900
1,999,82500
2,555,41600
3,289,28000
1,1000,82600
2,444,41700
3,300,28000
1,999,82700
2,556,41700
3,409,28000
1,1000,82800
2,444,41800
3,289,28100
1,999,82900
2,556,41800
3,300,28100
1,1000,83000
2,443,41900
3,409,28100
1,999,83100
2,556,41900
3,289,28200
1,1000,83200
2,443,42000
3,300,28200
1,1000,83300
2,555,42000
3,409,28200
1,999,83400
2,443,42100
3,289,28300
1,1000,83500
2,556,42100
3,300,28300
1,1000,83600
2,443,42200
3,409,28300
1,1000,83700
2,556,42200
3,289,28400
1,999,83800
2,443,42300
3,300,28400
1,1000,83900
2,556,42300
3,410,28400
1,999,84000
2,443,42400
3,289,28500
1,1000,84100
2,555,42400
3,300,28500
1,999,84200
2,443,42500
3,409,28500
1,1000,84300
2,556,42500
3,289,28600
1,1000,84400
2,443,42600
3,300,28600
1,1000,84500
2,556,42600
3,410,28600
1,999,84600
2,443,42700
3,289,28700
1,1000,84700
2,556,42700
3,300,28700
1,1000,84800
2,443,42800
3,410,28700
1,999,84900
2,556,42800
3,289,28800
1,1000,85000
2,443,42900
3,300,28800
1,1000,85100
2,556,42900
3,409,28800
1,1000,85200
2,443,43000
3,289,28900
1,1000,85300
2,556,43000
3,300,28900
1,1000,85400
2,443,43100
3,409,28900
1,1000,85500
2,556,43100
3,289,29000
1,999,85600
2,443,43200
3,300,29000
1,1000,85700
2,556,43200
3,409,29000
1,1000,85800
2,444,43300
3,289,29100
1,1000,85900
2,556,43300
3,300,29100
1,1000,86000
2,443,43400
3,409,29100
1,999,86100
2,556,43400
3,289,29200
1,999,86200
2,443,43500
3,300,29200
1,1000,86300
2,556,43500
3,409,29200
1,999,86400
2,443,43600
3,289,29300
1,1000,86500
2,556,43600
3,300,29300
1,999,86600
2,443,43700
3,409,29300
1,1000,86700
2,556,43700
3,289,29400
1,1000,86800
2,443,43800
3,300,29400
1,999,86900
2,556,43800
3,410,29400
1,1000,87000
2,443,43900
3,289,29500
1,999,87100
2,556,43900
3,300,29500
1,1000,87200
2,443,44000
3,409,29500
1,1000,87300
2,556,44000
3,289,29600
1,999,87400
2,443,44100
3,300,29600
1,1000,87500
2,556,44100
3,409,29600
1,1000,87600
2,443,44200
3,289,29700
1,999,87700
2,556,44200
3,300,29700
1,999,87800
2,443,44300
3,409,29700
1,1000,87900
2,556,44300
3,289,29800
1,999,88000
2,443,44400
3,300,29800
1,999,88100
2,556,44400
3,409,29800
1,1000,88200
2,443,44500
3,289,29900
1,1000,88300
2,556,44500
3,300,29900
1,1000,88400
2,443,44600
3,410,29900
1,1000,88500
2,556,44600
3,289,30000
1,999,88600
2,443,44700
3,300,30000
1,999,88700
2,556,44700
3,410,30000
1,1000,88800
2,443,44800
3,289,30100
1,1000,88900
2,556,44800
3,300,30100
1,999,89000
2,444,44900
3,410,30100
1,1000,89100
2,556,44900
3,289,30200
1,1000,89200
2,444,45000
3,300,30200
1,1000,89300
2,555,45000
3,410,30200
1,1000,89400
2,444,45100
3,289,30300
1,1000,89500
2,556,45100
3,300,30300
1,999,89600
2,443,45200
3,410,30300
1,1000,89700
2,555,45200
3,289,30400
1,999,89800
2,444,45300
3,300,30400
1,1000,89900
2,556,45300
3,409,30400
1,999,90000
2,443,45400
3,289,30500
1,999,90100
2,556,45400
3,300,30500
1,1000,90200
2,443,45500
3,409,30500
1,1000,90300
2,556,45500
3,289,30600
1,999,90400
2,443,45600
3,300,30600
1,999,90500
2,555,45600
3,409,30600
1,1000,90600
2,444,45700
3,289,30700
1,1000,90700
2,556,45700
3,300,30700
1,999,90800
2,443,45800
3,409,30700
1,1000,90900
2,556,45800
3,289,30800
1,999,91000
2,443,45900
3,300,30800
1,1000,91100
2,556,45900
3,410,30800
1,999,91200
2,443,46000
3,289,30900
1,1000,91300
2,556,46000
3,300,30900
1,999,91400
2,443,46100
3,410,30900
1,999,91500
2,556,46100
3,289,31000
1,1000,91600
2,443,46200
3,300,31000
1,1000,91700
2,556,46200
3,410,31000
1,1000,91800
2,443,46300
3,289,31100
1,999,91900
2,556,46300
3,300,31100
1,1000,92000
2,443,46400
3,410,31100
1,999,92100
2,556,46400
3,289,31200
1,1000,92200
2,443,46500
3,300,31200
1,1000,92300
2,556,46500
3,410,31200
1,1000,92400
2,443,46600
3,289,31300
1,999,92500
2,556,46600
3,300,31300
1,1000,92600
2,443,46700
3,409,31300
1,999,92700
2,556,46700
3,289,31400
1,1000,92800
2,443,46800
3,300,31400
1,1000,92900
2,556,46800
3,410,31400
1,999,93000
2,443,46900
3,289,31500
1,1000,93100
2,556,46900
3,300,31500
1,1000,93200
2,443,47000
3,410,31500
1,999,93300
2,556,47000
3,289,31600
1,1000,93400
2,443,47100
3,300,31600
1,999,93500
2,556,47100
3,410,31600
1,999,93600
2,443,47200
3,289,31700
1,1000,93700
2,556,47200
3,300,31700
1,1000,93800
2,443,47300
3,410,31700
1,999,93900
2,556,47300
3,289,31800
1,1000,94000
2,443,47400
3,300,31800
1,999,94100
2,556,47400
3,410,31800
1,1000,94200
2,443,47500
3,289,31900
1,1000,94300
2,556,47500
3,300,31900
1,1000,94400
2,443,47600
3,410,31900
1,999,94500
2,556,47600
3,289,32000
1,999,94600
2,443,47700
3,300,32000
1,1000,94700
2,556,47700
3,409,32000
1,1000,94800
2,443,47800
3,289,32100
1,999,94900
2,556,47800
3,300,32100
1,1000,95000
2,443,47900
3,409,32100
1,999,95100
2,556,47900
3,289,32200
1,1000,95200
2,443,48000
3,300,32200
1,1000,95300
2,556,48000
3,409,32200
1,999,95400
2,444,48100
3,289,32300
1,1000,95500
2,556,48100
3,300,32300
1,1000,95600
2,443,48200
3,409,32300
1,1000,95700
2,556,48200
3,289,32400
1,999,95800
2,443,48300
3,300,32400
1,999,95900
2,556,48300
3,409,32400
1,1000,96000
2,443,48400
3,289,32500
1,1000,96100
2,556,48400
3,300,32500
1,999,96200
2,443,48500
3,409,32500
1,1000,96300
2,556,48500
3,289,32600
1,1000,96400
2,443,48600
3,300,32600
1,1000,96500
2,556,48600
3,410,32600
1,1000,96600
2,443,48700
3,289,32700
1,999,96700
2,556,48700
3,300,32700
1,999,96800
2,443,48800
3,410,32700
1,1000,96900
2,556,48800
3,289,32800
1,1000,97000
2,443,48900
3,300,32800
1,1000,97100
2,556,48900
3,409,32800
1,1000,97200
2,443,49000
3,289,32900
1,1000,97300
2,556,49000
3,300,32900
1,999,97400
2,443,49100
3,409,32900
1,1000,97500
2,556,49100
3,289,33000
1,1000,97600
2,443,49200
3,300,33000
1,1000,97700
2,556,49200
3,409,33000
1,999,97800
2,443,49300
3,289,33100
1,1000,97900
2,556,49300
3,300,33100
1,1000,98000
2,443,49400
3,410,33100
1,1000,98100
2,556,49400
3,289,33200
1,1000,98200
2,443,49500
3,300,33200
1,999,98300
2,556,49500
3,410,33200
1,999,98400
2,443,49600
3,289,33300
1,1000,98500
2,556,49600
3,300,33300
1,999,98600
2,443,49700
3,410,33300
1,999,98700
2,556,49700
3,289,33400
1,1000,98800
2,443,49800
3,300,33400
1,999,98900
2,556,49800
3,410,33400
1,1000,99000
2,443,49900
3,289,33500
1,999,99100
2,556,49900
3,300,33500
1,1000,99200
2,443,50000
3,410,33500
1,1000,99300
2,556,50000
3,289,33600
1,1000,99400
2,443,50100
3,300,33600
1,1000,99500
2,556,50100
3,409,33600
1,1000,99600
2,443,50200
3,289,33700
1,999,99700
2,556,50200
3,300,33700
1,1000,99800
2,443,50300
3,409,33700
1,1000,99900
2,556,50300
3,289,33800
1,1000,100000
2,443,50400
3,300,33800
1,999,100100
2,556,50400
3,410,33800
1,1000,100200
2,443,50500
3,289,33900
1,1000,100300
2,556,50500
3,300,33900
1,1000,100400
2,443,50600
3,409,33900
1,1000,100500
2,556,50600
3,289,34000
1,999,100600
2,443,50700
3,300,34000
1,1000,100700
2,556,50700
3,410,34000
